{
  "metrics": {
    "chinese": 23.679230769230774,
    "exam": 24.34731343283582,
    "knowledge": 23.406666666666666,
    "understanding": 20.49,
    "reasoning": 24.327500000000004,
    "math": 0.94,
    "code": 9.2,
    "IF": 20.4275,
    "Med": 22.01
  }
}